{
    "rmse": 0.5253166918617195,
    "mae": 0.40277200658017753,
    "r2": 0.7468489088998951
}